name,price,image
Tôm Ram Thịt,39000,https://www.unuquan.com/img_data/images/U NU QUAN TOM RIM THIT.jpg
Bún Riêu Cua,39000,https://www.unuquan.com/img_data/images/UNU QUAN BUN RIEU CUA.jpg
Heo Kho Mắm Ruốc,39000,https://www.unuquan.com/img_data/images/UNU QUAN HEO KHO MAM RUOC.jpg
Sườn Non Ram Mặn Ngọt,39000,https://www.unuquan.com/img_data/images/U NU QUAN SUON NON RAM MAN NGOT.jpg
Đùi Gà Chiên Xốc Mắm,39000,https://www.unuquan.com/img_data/images/U NU QUAN DUI GA CHIEN XOC MAM.jpg
Trứng Chiên Thịt Bằm,39000,https://www.unuquan.com/img_data/images/UNU QUAN TRUNG CHIEN THIT BAM.jpg
Đậu Hủ Nhồi Thịt Sốt Cà,39000,https://www.unuquan.com/img_data/images/UNU QUAN DAU HU NHOI THIT SOT CA.jpg
Đậu Ve Xào Thịt,39000,https://www.unuquan.com/img_data/images/UNU QUAN DAU VE XAO THIT.jpg
Gà Kho Sả Ớt,39000,https://www.unuquan.com/img_data/images/UNU QUAN GA KHO SA OT.jpg
Canh Gà Nấu Lá Giang,39000,https://www.unuquan.com/img_data/images/U NU QUAN CANH GA NAU LA GIANG.jpg
Cá Nục Chiên Xốc Mắm,39000,https://www.unuquan.com/img_data/images/U NU QUAN CÁ NUC CHIEN XOC MAM.jpg
Cá Cơm Kho Tiêu,39000,https://www.unuquan.com/img_data/images/ca com kho tieu.jpg
LÒNG GÀ XÀO MƯỚP,39000,https://www.unuquan.com/img_data/images/COM VAN PHONG LONG GA XAO MUOP.jpg
MÌ XÀO BÒ,39000,https://www.unuquan.com/img_data/images/COM VAN PHONG MI XAO BO-jpg.jpg
HEO KHO SẢ ỚT,39000,https://www.unuquan.com/img_data/images/COM VAN PHONG HEO KHO SẢ ỚT.jpg
ĐẬU RỒNG XÀO THỊT,39000,https://www.unuquan.com/img_data/images/COM VAN PHONG DAU RONG XAO THIT.jpg
GÀ RANG LÁ CHANH,39000,https://www.unuquan.com/img_data/images/COM VAN PHONG GA RANG LA CHANH (1).jpg
GÀ KHO LÁ GIANG,39000,https://www.unuquan.com/img_data/images/COM VAN PHONG GA KHO LA GIANG.jpg
CÁ RÔ KHO TIÊU,39000,https://www.unuquan.com/img_data/images/COM VAN PHONG CA RO KHO TO.jpg
CÁ MÓ CHIÊN SẢ,39000,https://www.unuquan.com/img_data/images/COM VAN PHONG CA MO CHIEN SA.jpg
CÁ LÓC KHO TIÊU,39000,https://www.unuquan.com/img_data/images/COM VAN PHONG CA LOC KHO TIEU.jpg
CÁ BASA KHO TIÊU,39000,https://www.unuquan.com/img_data/images/COM VAN PHONG CA BASA KHO TIEU.jpg
THỊT HEO KHO MĂNG,39000,https://www.unuquan.com/img_data/images/COM VAN PHONG HEO KHO MANG.jpg
BÁNH CANH TÔM THỊT,39000,https://www.unuquan.com/img_data/images/COM VAN PHONG BANH CANH TOM THIT-JPG.jpg
HEO XÀO MĂNG,39000,https://www.unuquan.com/img_data/images/Com trua van phong thit heo xao mang.jpg
SƯỜN NON KHO ĐẬU HỦ,39000,https://www.unuquan.com/img_data/images/Com trua van phong suon non kho dau hu.png
ỐC XÀO SẢ ỚT,39000,https://www.unuquan.com/img_data/images/Com trua van phong oc xao sa ot.jpg
MẮM CHƯNG THỊT,39000,https://www.unuquan.com/img_data/images/Com trua van phong mam chung thit.jpg
GÀ KHO CỦ CẢI,39000,https://www.unuquan.com/img_data/images/Com trua van phong ga kho cu cai.jpg
GÀ KHO COCA,39000,https://www.unuquan.com/img_data/images/Com trua van phong ga kho coca.jpg
CANH BÍ XANH NHỒI THỊT,39000,https://www.unuquan.com/img_data/images/Com trua van phong canh bi xanh nhoi thit.jpg
CÁ NGỪ CHIÊN XỐC MẮM,39000,https://www.unuquan.com/img_data/images/Com trua van phong ca ngu chien xoc mam.jpg
CÁ NỤC CHIÊN XỐC MẮM,39000,https://www.unuquan.com/img_data/images/Com trua van phong ca bac ma chien cham mam.jpg
BÚN CHẢ CÁ,39000,https://www.unuquan.com/img_data/images/COM TRUA VAN PHONG BUN CHA CA.jpg
GÀ CHIÊN SỐT MẮM,39000,https://www.unuquan.com/img_data/images/Com unuquan.jpg
Khổ Qua Xào Trứng,39000,https://www.unuquan.com/img_data/images/U NU QUAN KHO QUA XAO TRUNG.png
Tôm Ram Mặn Ngọt,39000,https://www.unuquan.com/img_data/images/U NU QUAN TOM RAM MAN NGOT.jpg
Sườn Xào Chua Ngọt,39000,https://www.unuquan.com/img_data/images/U NU QUAN SUON XAO CHUA NGOT.jpg
Cá Ngừ Kho Khóm,39000,https://www.unuquan.com/img_data/images/U NU QUAN CA NGU KHO KHOM.jpg
Phần Cơm Đầy Đủ,39000,https://www.unuquan.com/img_data/images/Com trua ngon ú nu quán.jpg
Best Seller Trà Tắc ,15000,https://www.unuquan.com/templates/images/vien.png
Trà Tắc ,15000,https://www.unuquan.com/img_data/images/Trà Tắc Ú NU QUÁN.jpg
Bún Thịt Nướng ,39000,https://www.unuquan.com/img_data/images/Bun thit nuong U nu Quan (2).jpg
Bánh cuốn ,25000,https://www.unuquan.com/img_data/images/Banh cuon - Copy.jpg
Bánh Mì ,25000,https://www.unuquan.com/img_data/images/Bánh mì Ú NU.jpg
Nước uống Trà Chanh ,15000,https://www.unuquan.com/templates/images/vien.png
Trà Chanh ,15000,https://www.unuquan.com/img_data/images/Trà Tắc Ú NU QUÁN.jpg
Cafe Sữa ,20000,https://www.unuquan.com/img_data/images/Cafe Sữa Đá Ú Nu Quán.jpg
Nước ngọt Pepsi các loại,15000,https://www.unuquan.com/img_data/images/Nuoc ngot pepsi cac loai.jpg
Nước ép dưa hấu,30000,https://www.unuquan.com/img_data/images/cach-lam-nuoc-ep-dua-hau.png
